-- MySQL dump 10.13  Distrib 8.0.44, for Linux (x86_64)
--
-- Host: localhost    Database: cryptocurrency_multicoin_tracker
-- ------------------------------------------------------
-- Server version	8.0.44-0ubuntu0.24.04.1

/*!40101 SET @OLD_CHARACTER_SET_CLIENT=@@CHARACTER_SET_CLIENT */;
/*!40101 SET @OLD_CHARACTER_SET_RESULTS=@@CHARACTER_SET_RESULTS */;
/*!40101 SET @OLD_COLLATION_CONNECTION=@@COLLATION_CONNECTION */;
/*!50503 SET NAMES utf8mb4 */;
/*!40103 SET @OLD_TIME_ZONE=@@TIME_ZONE */;
/*!40103 SET TIME_ZONE='+00:00' */;
/*!40014 SET @OLD_UNIQUE_CHECKS=@@UNIQUE_CHECKS, UNIQUE_CHECKS=0 */;
/*!40014 SET @OLD_FOREIGN_KEY_CHECKS=@@FOREIGN_KEY_CHECKS, FOREIGN_KEY_CHECKS=0 */;
/*!40101 SET @OLD_SQL_MODE=@@SQL_MODE, SQL_MODE='NO_AUTO_VALUE_ON_ZERO' */;
/*!40111 SET @OLD_SQL_NOTES=@@SQL_NOTES, SQL_NOTES=0 */;

--
-- Table structure for table `coin_prices`
--

DROP TABLE IF EXISTS `coin_prices`;
/*!40101 SET @saved_cs_client     = @@character_set_client */;
/*!50503 SET character_set_client = utf8mb4 */;
CREATE TABLE `coin_prices` (
  `id` bigint NOT NULL AUTO_INCREMENT,
  `snapshot_id` bigint NOT NULL,
  `coin_id` int NOT NULL,
  `price_usd` decimal(18,8) NOT NULL,
  `market_cap_usd` decimal(20,2) DEFAULT NULL,
  `volume_24h_usd` decimal(20,2) DEFAULT NULL,
  `low_24h_usd` decimal(18,8) DEFAULT NULL,
  `high_24h_usd` decimal(18,8) DEFAULT NULL,
  `change_24h_pct` decimal(7,2) DEFAULT NULL,
  PRIMARY KEY (`id`),
  UNIQUE KEY `idx_coin_snapshot` (`snapshot_id`,`coin_id`),
  KEY `idx_coin_prices_snapshot` (`snapshot_id`),
  KEY `idx_coin_prices_coin` (`coin_id`),
  CONSTRAINT `coin_prices_ibfk_1` FOREIGN KEY (`snapshot_id`) REFERENCES `snapshots` (`id`),
  CONSTRAINT `coin_prices_ibfk_2` FOREIGN KEY (`coin_id`) REFERENCES `coins` (`id`)
) ENGINE=InnoDB AUTO_INCREMENT=591 DEFAULT CHARSET=utf8mb4 COLLATE=utf8mb4_unicode_ci;
/*!40101 SET character_set_client = @saved_cs_client */;

--
-- Dumping data for table `coin_prices`
--

LOCK TABLES `coin_prices` WRITE;
/*!40000 ALTER TABLE `coin_prices` DISABLE KEYS */;
INSERT INTO `coin_prices` VALUES (321,34,1,89654.00000000,1791586411624.00,55100804706.00,89624.00000000,94177.00000000,-2.34),(322,34,2,3165.28000000,382137342309.00,34191819546.00,3166.73000000,3432.93000000,-4.53),(323,34,5,2.00000000,120434135210.00,4305828534.00,2.00000000,2.10000000,-3.23),(324,34,4,862.96000000,118840719602.00,1913656234.00,862.82000000,910.16000000,-2.98),(325,34,3,130.73000000,73430897530.00,7300042765.00,129.42000000,141.67000000,-4.45),(326,34,16,0.28125600,26627690958.00,690004825.00,0.27703300,0.28147400,1.22),(327,34,7,0.13732900,20904505860.00,1751646646.00,0.13735200,0.14931100,-5.41),(328,34,6,0.41486300,15205463691.00,1202099163.00,0.41500600,0.47099300,-10.31),(329,34,9,13.54000000,9434616083.00,860591572.00,13.44000000,14.77000000,-3.62),(330,34,10,80.99000000,6207470873.00,630718256.00,80.54000000,86.64000000,-3.78),(331,35,1,89416.00000000,1785749815418.00,56122877624.00,89463.00000000,94177.00000000,-2.60),(332,35,2,3153.23000000,380763028632.00,34118653756.00,3160.53000000,3432.93000000,-4.89),(333,35,5,1.99000000,119985288220.00,4005604251.00,1.99000000,2.10000000,-3.55),(334,35,4,860.84000000,118682508668.00,1867845827.00,861.87000000,910.16000000,-3.24),(335,35,3,130.67000000,73407732721.00,7232198952.00,129.42000000,141.67000000,-4.61),(336,35,16,0.28104600,26617825897.00,692752792.00,0.27703300,0.28147400,1.12),(337,35,7,0.13724500,20871582985.00,1715884612.00,0.13721000,0.14931100,-5.54),(338,35,6,0.41372500,15166138515.00,1172286375.00,0.41449600,0.47099300,-10.56),(339,35,9,13.49000000,9404399333.00,862083804.00,13.44000000,14.77000000,-3.98),(340,35,10,80.89000000,6198566728.00,632071597.00,80.54000000,86.64000000,-3.87),(341,36,1,90026.00000000,1794462558254.00,56761937538.00,89463.00000000,94177.00000000,-2.23),(342,36,2,3177.82000000,383018581784.00,35619016246.00,3160.53000000,3432.93000000,-4.65),(343,36,5,2.00000000,120210029437.00,4024551626.00,1.99000000,2.10000000,-3.48),(344,36,4,865.87000000,119108496075.00,1940802214.00,861.83000000,910.16000000,-2.87),(345,36,3,130.77000000,73356298622.00,7231963834.00,129.42000000,141.67000000,-4.78),(346,36,16,0.28109400,26614360913.00,684770148.00,0.27703300,0.28147400,1.18),(347,36,7,0.13744400,20884717856.00,1723847824.00,0.13715000,0.14931100,-5.66),(348,36,6,0.41403800,15150837627.00,1178946035.00,0.41334900,0.47099300,-10.76),(349,36,9,13.54000000,9411594330.00,848915619.00,13.44000000,14.77000000,-3.84),(350,36,10,80.93000000,6195025733.00,634132996.00,80.54000000,86.64000000,-4.01),(351,37,1,90150.00000000,1794462558254.00,56837023518.00,89463.00000000,94177.00000000,-2.07),(352,37,2,3181.58000000,383018581784.00,35810275497.00,3160.53000000,3432.93000000,-4.53),(353,37,5,2.00000000,120210029437.00,4046501973.00,1.99000000,2.10000000,-3.46),(354,37,4,867.06000000,119108496075.00,1947761262.00,861.83000000,910.16000000,-2.73),(355,37,3,130.92000000,73467133873.00,7247873526.00,129.42000000,141.67000000,-4.56),(356,37,16,0.28124400,26614360913.00,686164677.00,0.27703300,0.28147400,1.25),(357,37,7,0.13758600,20884717856.00,1728085176.00,0.13715000,0.14931100,-5.59),(358,37,6,0.41633800,15150837627.00,1200407462.00,0.41334900,0.47099300,-10.43),(359,37,9,13.58000000,9411594330.00,850939982.00,13.44000000,14.77000000,-3.61),(360,37,10,81.12000000,6195025733.00,636247849.00,80.54000000,86.64000000,-3.84),(361,38,1,89444.00000000,1789314949805.00,53172044946.00,89463.00000000,94177.00000000,-2.90),(362,38,2,3160.71000000,382817932036.00,34037284023.00,3160.53000000,3432.93000000,-5.26),(363,38,5,1.99000000,120264843895.00,4101165210.00,1.99000000,2.10000000,-3.54),(364,38,4,862.13000000,118891760677.00,1926204183.00,861.83000000,910.16000000,-3.24),(365,38,3,130.71000000,73583725413.00,7283848090.00,129.42000000,141.67000000,-4.14),(366,38,16,0.28107200,26616705618.00,681675578.00,0.27703300,0.28147400,1.25),(367,38,7,0.13659400,20837270881.00,1757352919.00,0.13663600,0.14931100,-5.95),(368,38,6,0.41358100,15230646907.00,1250503228.00,0.41334900,0.47099300,-10.61),(369,38,9,13.46000000,9411532247.00,860215534.00,13.44000000,14.77000000,-4.29),(370,38,10,80.76000000,6199659187.00,644788065.00,80.54000000,86.64000000,-4.16),(371,39,1,89590.00000000,1788515402955.00,57575927925.00,89426.00000000,94177.00000000,-3.03),(372,39,2,3171.63000000,382171070570.00,36365097259.00,3160.13000000,3432.93000000,-5.22),(373,39,5,1.99000000,120015580677.00,4105479012.00,1.99000000,2.10000000,-3.83),(374,39,4,864.39000000,118959180149.00,1890623843.00,861.83000000,910.16000000,-3.48),(375,39,3,130.52000000,73276439729.00,7258544424.00,129.42000000,141.67000000,-4.61),(376,39,16,0.28110900,26614368557.00,675611815.00,0.27703300,0.28147400,1.30),(377,39,7,0.13666700,20782936122.00,1757290587.00,0.13656600,0.14931100,-6.22),(378,39,6,0.41276500,15131606211.00,1217180866.00,0.41292500,0.47099300,-11.04),(379,39,9,13.49000000,9382054581.00,847143221.00,13.44000000,14.77000000,-4.88),(380,39,10,80.88000000,6185120960.00,644838791.00,80.54000000,86.64000000,-4.71),(381,40,1,92301.00000000,1843708646459.00,48332124842.00,89426.00000000,93468.00000000,2.78),(382,40,2,3246.51000000,391789933975.00,26132451731.00,3160.13000000,3267.70000000,1.80),(383,40,4,892.51000000,122962377224.00,1299260359.00,861.83000000,895.61000000,2.86),(384,40,5,2.03000000,122708218386.00,3187075477.00,1.99000000,2.05000000,1.54),(385,40,3,137.17000000,77068705856.00,5730465512.00,129.42000000,137.46000000,5.99),(386,40,16,0.27993500,26507303141.00,544123127.00,0.27858000,0.28157700,0.44),(387,40,7,0.14071500,21423072688.00,1202065497.00,0.13656600,0.14232200,1.92),(388,40,6,0.42294300,15481385071.00,1162293976.00,0.41105400,0.43295700,-1.78),(389,40,9,14.01000000,9773195918.00,661537283.00,13.44000000,14.16000000,3.68),(390,40,10,82.95000000,6356303988.00,468017502.00,80.57000000,83.38000000,2.87),(391,41,1,92186.00000000,1840126025901.00,47455532512.00,89426.00000000,93468.00000000,2.39),(392,41,2,3243.40000000,391489447809.00,25705664545.00,3160.13000000,3267.70000000,1.60),(393,41,4,889.53000000,122519180408.00,1459093631.00,861.83000000,895.61000000,2.34),(394,41,5,2.03000000,122417224014.00,3141637442.00,1.99000000,2.05000000,1.23),(395,41,3,136.95000000,76942333979.00,5600173037.00,129.78000000,137.46000000,5.53),(396,41,16,0.27983400,26495533690.00,527654878.00,0.27885500,0.28157700,0.11),(397,41,7,0.14031900,21348887583.00,1177254802.00,0.13656600,0.14232200,1.57),(398,41,6,0.42087600,15422875574.00,1120252687.00,0.41105400,0.43295700,-2.26),(399,41,9,13.97000000,9739450876.00,647158389.00,13.44000000,14.16000000,3.24),(400,41,10,82.65000000,6333209165.00,460202838.00,80.57000000,83.38000000,1.91),(401,42,1,92378.00000000,1844272419379.00,46270894190.00,89426.00000000,93468.00000000,2.21),(402,42,2,3247.43000000,392113702158.00,25194328486.00,3160.13000000,3267.70000000,1.15),(403,42,4,888.97000000,122473065066.00,1431976727.00,861.83000000,895.61000000,2.05),(404,42,5,2.03000000,122449575310.00,3098844174.00,1.99000000,2.05000000,0.63),(405,42,3,137.05000000,76977515269.00,5548666849.00,130.39000000,137.46000000,4.64),(406,42,16,0.27964600,26479044594.00,538141707.00,0.27885500,0.28157700,0.05),(407,42,7,0.14031700,21357264593.00,1116420066.00,0.13656600,0.14232200,1.16),(408,42,6,0.42073100,15417441415.00,1098186447.00,0.41105400,0.43295700,-2.75),(409,42,9,14.00000000,9754428408.00,631922152.00,13.44000000,14.16000000,2.53),(410,42,10,82.74000000,6340017260.00,455298184.00,80.57000000,83.38000000,1.49),(411,43,1,92118.00000000,1839237590320.00,46767194670.00,89426.00000000,93468.00000000,1.99),(412,43,2,3235.17000000,390425735567.00,26340796248.00,3160.13000000,3267.70000000,0.89),(413,43,5,2.03000000,122284497281.00,3080372869.00,1.99000000,2.05000000,0.68),(414,43,4,886.46000000,122144891797.00,1409716190.00,861.83000000,895.61000000,1.78),(415,43,3,136.75000000,76822670277.00,5489544096.00,130.39000000,137.46000000,4.33),(416,43,16,0.27957800,26476895642.00,527420032.00,0.27885500,0.28157700,0.03),(417,43,7,0.13992000,21298700277.00,1188373730.00,0.13656600,0.14232200,0.91),(418,43,6,0.42016400,15402657891.00,1092266495.00,0.41105400,0.43173200,-2.47),(419,43,9,13.98000000,9742190791.00,635449420.00,13.44000000,14.16000000,2.41),(420,43,10,82.64000000,6334013034.00,457668891.00,80.57000000,83.38000000,1.39),(421,44,1,92455.00000000,1845571024869.00,45936411183.00,89426.00000000,93468.00000000,2.41),(422,44,2,3247.32000000,391975804457.00,25909764296.00,3160.13000000,3267.70000000,1.12),(423,44,5,2.04000000,122777247904.00,3061991297.00,1.99000000,2.05000000,1.01),(424,44,4,891.10000000,122735766718.00,1400236057.00,861.83000000,895.61000000,2.20),(425,44,3,138.38000000,77665292558.00,5564759815.00,130.39000000,138.24000000,5.52),(426,44,16,0.27949900,26463324456.00,540012654.00,0.27885500,0.28157700,-0.07),(427,44,7,0.14073600,21404882867.00,1153495331.00,0.13656600,0.14232200,1.36),(428,44,6,0.42384500,15530584062.00,1134716751.00,0.41105400,0.43173200,-1.68),(429,44,9,14.09000000,9817345375.00,637541826.00,13.44000000,14.16000000,3.16),(430,44,10,83.11000000,6363965699.00,464336863.00,80.57000000,83.38000000,1.88),(431,45,1,92400.00000000,1843635018355.00,55173173944.00,89426.00000000,93468.00000000,2.54),(432,45,2,3247.63000000,391875596777.00,24612943278.00,3160.13000000,3267.70000000,1.49),(433,45,5,2.04000000,123246426542.00,2906637441.00,1.99000000,2.05000000,1.78),(434,45,4,887.97000000,122257793786.00,1282673297.00,861.83000000,895.61000000,2.47),(435,45,3,139.62000000,78399043194.00,6014080912.00,130.39000000,139.81000000,6.33),(436,45,16,0.27732200,26255901415.00,564809055.00,0.27718800,0.28157700,-1.06),(437,45,7,0.14123200,21481890318.00,1079097392.00,0.13656600,0.14232200,2.37),(438,45,6,0.42659700,15619828738.00,872468656.00,0.41105400,0.42856500,2.35),(439,45,9,14.17000000,9854375138.00,598490245.00,13.45000000,14.19000000,4.10),(440,45,10,84.26000000,6451697448.00,462001075.00,80.63000000,84.26000000,4.26),(441,46,1,89936.00000000,1795224566869.00,62136045749.00,89426.00000000,93468.00000000,0.09),(442,46,2,3070.73000000,370622513157.00,27557374288.00,3081.65000000,3267.70000000,-3.38),(443,46,4,874.78000000,120488126419.00,1374923352.00,862.26000000,895.61000000,1.09),(444,46,5,1.99000000,120052215964.00,2950885661.00,1.99000000,2.05000000,-0.26),(445,46,3,133.96000000,75545664478.00,6342513501.00,130.39000000,139.81000000,2.10),(446,46,16,0.27591300,26158781276.00,542901098.00,0.27626500,0.28157700,-1.84),(447,46,7,0.13635600,20745167825.00,1119802111.00,0.13656600,0.14232200,-0.57),(448,46,6,0.41090000,15058819718.00,826484641.00,0.41105400,0.42856500,-1.33),(449,46,9,13.57000000,9511343118.00,648823274.00,13.45000000,14.31000000,0.40),(450,46,10,81.67000000,6257976263.00,455778808.00,80.68000000,84.39000000,0.83),(451,47,1,90377.00000000,1803388088936.00,68645848338.00,89600.00000000,92704.00000000,-2.10),(452,47,2,3089.71000000,372904733489.00,22736695307.00,3054.43000000,3262.81000000,-4.87),(453,47,4,887.30000000,122204267456.00,1046324499.00,872.61000000,893.65000000,-0.57),(454,47,5,2.02000000,122025148810.00,2450734904.00,1.98000000,2.04000000,-0.53),(455,47,3,132.89000000,74673578316.00,5412458160.00,130.98000000,139.81000000,-3.14),(456,47,16,0.27425600,25969186755.00,528038440.00,0.27373100,0.27995800,-2.03),(457,47,7,0.13755000,20926903500.00,978788878.00,0.13479600,0.14133900,-2.24),(458,47,6,0.40939000,15005512257.00,675277497.00,0.40450500,0.42856500,-3.19),(459,47,9,13.71000000,9554836646.00,547883270.00,13.34000000,14.31000000,-2.21),(460,47,10,82.35000000,6309458062.00,431413694.00,80.66000000,84.39000000,-0.75),(461,48,1,90325.00000000,1802980049992.00,53453809556.00,89600.00000000,92704.00000000,-2.02),(462,48,2,3090.62000000,373102636931.00,23022138891.00,3054.43000000,3262.81000000,-4.73),(463,48,5,2.03000000,122344290116.00,2622119249.00,1.98000000,2.04000000,-0.10),(464,48,4,887.23000000,122218668015.00,1088699367.00,872.61000000,893.65000000,-0.26),(465,48,3,132.81000000,74628036882.00,5381779682.00,130.98000000,139.81000000,-3.05),(466,48,16,0.27430500,25969419477.00,519640226.00,0.27373100,0.27984600,-1.98),(467,48,7,0.13759800,20931551039.00,1010362814.00,0.13479600,0.14133900,-1.93),(468,48,6,0.41034800,15025687720.00,682990693.00,0.40450500,0.42856500,-2.58),(469,48,9,13.74000000,9568056152.00,547238189.00,13.34000000,14.31000000,-1.74),(470,48,10,82.42000000,6315231163.00,427472670.00,80.66000000,84.39000000,-0.37),(471,49,1,90368.00000000,1803790125689.00,53361789271.00,89600.00000000,92704.00000000,-2.26),(472,49,2,3090.51000000,373047828716.00,22947923793.00,3054.43000000,3262.81000000,-4.91),(473,49,5,2.03000000,122605195644.00,2582740252.00,1.98000000,2.04000000,0.20),(474,49,4,886.37000000,121997000400.00,1113138192.00,872.61000000,893.65000000,-0.39),(475,49,3,132.87000000,74662067613.00,5349728368.00,130.98000000,139.81000000,-3.12),(476,49,16,0.27424100,25964641552.00,541266310.00,0.27373100,0.27975200,-1.94),(477,49,7,0.13751800,20923084687.00,964562506.00,0.13479600,0.14133900,-2.00),(478,49,6,0.41069800,15043291080.00,665174286.00,0.40450500,0.42856500,-2.54),(479,49,9,13.75000000,9581334392.00,547961651.00,13.34000000,14.31000000,-1.81),(480,49,10,82.31000000,6306945154.00,414562225.00,80.66000000,84.39000000,-0.56),(481,50,1,90360.00000000,1803757975670.00,53923305554.00,89600.00000000,92704.00000000,-1.92),(482,50,2,3089.39000000,372866455880.00,22394347219.00,3054.43000000,3262.81000000,-4.50),(483,50,5,2.03000000,122777577491.00,2586251167.00,1.98000000,2.04000000,0.33),(484,50,4,885.50000000,122004996213.00,1030041395.00,872.61000000,893.65000000,-0.14),(485,50,3,132.74000000,74600123204.00,5291224437.00,130.98000000,139.81000000,-2.94),(486,50,16,0.27399400,25943748684.00,526890704.00,0.27373100,0.27975200,-2.01),(487,50,7,0.13763200,20944134281.00,999864083.00,0.13479600,0.14133900,-1.62),(488,50,6,0.41031000,15048676243.00,666241957.00,0.40450500,0.42856500,-2.36),(489,50,9,13.74000000,9573627909.00,545582864.00,13.34000000,14.31000000,-1.68),(490,50,10,82.33000000,6310112162.00,408518477.00,80.66000000,84.39000000,-0.37),(491,51,1,90324.00000000,1802908097695.00,69882075414.00,89600.00000000,92704.00000000,-2.39),(492,51,2,3089.59000000,372883912898.00,22393508396.00,3054.43000000,3262.81000000,-5.11),(493,51,5,2.03000000,122512844975.00,2691210101.00,1.98000000,2.04000000,-0.29),(494,51,4,885.91000000,122019100094.00,1086525098.00,872.61000000,893.65000000,-0.83),(495,51,3,132.67000000,74527339731.00,5213278382.00,130.98000000,139.81000000,-4.41),(496,51,16,0.27416200,25958805802.00,523748723.00,0.27373100,0.27975200,-1.90),(497,51,7,0.13732200,20889698243.00,959555770.00,0.13479600,0.14133900,-2.39),(498,51,6,0.41022400,15027815735.00,665678643.00,0.40450500,0.42856500,-3.04),(499,51,9,13.79000000,9604154216.00,547711119.00,13.34000000,14.31000000,-2.34),(500,51,10,82.19000000,6296103987.00,409184965.00,80.66000000,84.39000000,-1.06),(501,52,1,90354.00000000,1803548332685.00,52609294805.00,89600.00000000,92511.00000000,-2.17),(502,52,2,3115.02000000,375959918129.00,21039487593.00,3054.43000000,3250.09000000,-4.07),(503,52,4,891.64000000,122817353797.00,1081028872.00,872.61000000,893.88000000,0.45),(504,52,5,2.03000000,122566794891.00,2640738719.00,1.98000000,2.04000000,-0.56),(505,52,3,132.95000000,74704846609.00,4446040253.00,130.98000000,139.55000000,-4.73),(506,52,16,0.27213700,25766739893.00,500255773.00,0.27210300,0.27736900,-1.88),(507,52,7,0.13942600,21209832247.00,990920997.00,0.13479600,0.14127400,-1.31),(508,52,6,0.41203500,15095806020.00,621729655.00,0.40450500,0.42632300,-3.35),(509,52,9,13.75000000,9582106191.00,560204020.00,13.34000000,14.31000000,-2.97),(510,52,10,81.55000000,6247954237.00,401360596.00,80.66000000,84.39000000,-3.20),(511,53,1,90091.00000000,1798357029102.00,45823011893.00,89600.00000000,90615.00000000,0.16),(512,53,2,3110.64000000,375389260137.00,16697339371.00,3054.43000000,3132.93000000,1.31),(513,53,4,898.97000000,123832278923.00,1023830985.00,872.61000000,899.04000000,2.66),(514,53,5,2.03000000,122478969912.00,2259722355.00,1.98000000,2.04000000,2.16),(515,53,3,133.28000000,74883939338.00,3594397418.00,130.98000000,134.17000000,-0.44),(516,53,16,0.27214200,25772325842.00,454637987.00,0.27210300,0.27571100,-1.29),(517,53,7,0.13944900,23398110002.00,832750859.00,0.13479600,0.13978500,2.38),(518,53,6,0.41288000,15125306305.00,540758556.00,0.40450500,0.41534900,0.55),(519,53,9,13.81000000,9610286552.00,457203444.00,13.34000000,13.95000000,1.78),(520,53,10,81.77000000,6264573352.00,342874875.00,80.66000000,82.41000000,0.22),(521,54,1,90247.00000000,1801589019303.00,35953103343.00,89963.00000000,90601.00000000,-0.12),(522,54,2,3119.56000000,376540633175.00,10239541959.00,3085.97000000,3132.93000000,0.94),(523,54,4,895.79000000,123393843348.00,926415547.00,884.18000000,903.84000000,0.92),(524,54,5,2.02000000,122157050125.00,1524766656.00,2.01000000,2.04000000,0.09),(525,54,3,133.01000000,74737370879.00,2179749097.00,132.18000000,134.17000000,0.09),(526,54,16,0.27399000,25938378248.00,435291379.00,0.27081000,0.27436000,-0.05),(527,54,7,0.13895000,23315924719.00,527386503.00,0.13720700,0.13984300,1.02),(528,54,6,0.40982100,15014048437.00,352038601.00,0.40780400,0.41534900,0.13),(529,54,9,13.72000000,9556452388.00,310030747.00,13.67000000,13.95000000,0.02),(530,54,10,81.59000000,6251217513.00,290029552.00,81.05000000,82.41000000,-0.92),(531,55,1,90314.00000000,1802917890174.00,50816512430.00,89963.00000000,90601.00000000,0.00),(532,55,2,3119.36000000,376645216851.00,10164756407.00,3085.97000000,3132.93000000,0.98),(533,55,4,896.39000000,123500836840.00,920219134.00,884.18000000,903.84000000,1.04),(534,55,5,2.02000000,122015894523.00,1438330162.00,2.01000000,2.04000000,-0.30),(535,55,3,133.06000000,74765631044.00,2170378306.00,132.18000000,134.17000000,0.19),(536,55,16,0.27441000,25976825483.00,441006016.00,0.27081000,0.27436000,0.04),(537,55,7,0.13873500,23297084009.00,497358490.00,0.13720700,0.13984300,0.85),(538,55,6,0.40960100,15010882177.00,353263970.00,0.40780400,0.41534900,-0.17),(539,55,9,13.71000000,9562177506.00,309843778.00,13.67000000,13.95000000,-0.20),(540,55,10,81.48000000,6245233234.00,278119217.00,81.05000000,82.41000000,-1.13),(541,56,1,90206.00000000,1800631224041.00,51038502324.00,89963.00000000,90601.00000000,-0.18),(542,56,2,3111.15000000,375462342801.00,10210069556.00,3085.97000000,3132.93000000,0.64),(543,56,4,894.37000000,123183370608.00,920590165.00,884.18000000,903.84000000,0.89),(544,56,5,2.02000000,121694990766.00,1384997445.00,2.01000000,2.04000000,-0.83),(545,56,3,132.56000000,74492107685.00,2185424170.00,132.18000000,134.17000000,-0.23),(546,56,16,0.27391800,25943946547.00,441293543.00,0.27081000,0.27448300,-0.12),(547,56,7,0.13843000,23237765829.00,498245882.00,0.13720700,0.13984300,0.66),(548,56,6,0.40817400,14963824382.00,360076519.00,0.40780400,0.41534900,-0.58),(549,56,9,13.67000000,9527922599.00,324187621.00,13.67000000,13.95000000,-0.60),(550,56,10,81.16000000,6223772665.00,270690442.00,81.05000000,82.38000000,-1.41),(551,57,1,90095.00000000,1798429788657.00,51270359433.00,89963.00000000,90601.00000000,-0.29),(552,57,2,3106.91000000,375257778717.00,10534363501.00,3085.97000000,3132.93000000,0.57),(553,57,4,893.02000000,123008469846.00,931397371.00,884.18000000,903.84000000,0.86),(554,57,5,2.01000000,121401090158.00,1368591842.00,2.01000000,2.04000000,-1.05),(555,57,3,132.26000000,74321490577.00,2205574624.00,132.18000000,134.17000000,-0.36),(556,57,16,0.27387100,25932059117.00,441628513.00,0.27081000,0.27448300,-0.05),(557,57,7,0.13788800,23154297410.00,544340861.00,0.13720700,0.13984300,0.19),(558,57,6,0.40736600,14915424732.00,363159712.00,0.40705700,0.41534900,-0.70),(559,57,9,13.64000000,9503725408.00,323050385.00,13.64000000,13.95000000,-0.77),(560,57,10,81.03000000,6208305367.00,277070777.00,80.98000000,82.36000000,-1.61),(561,58,1,90198.00000000,1800459626711.00,51062364365.00,89963.00000000,90601.00000000,-0.10),(562,58,2,3112.15000000,375624163281.00,10501048824.00,3086.38000000,3132.93000000,0.74),(563,58,4,894.21000000,123132723969.00,928933076.00,884.18000000,903.84000000,0.97),(564,58,5,2.02000000,121681212442.00,1270740055.00,2.01000000,2.04000000,-0.66),(565,58,3,132.62000000,74516294275.00,2211933660.00,132.18000000,134.17000000,-0.01),(566,58,16,0.27397500,25942583993.00,452140742.00,0.27081000,0.27448300,-0.06),(567,58,7,0.13804900,23174822530.00,501532832.00,0.13720700,0.13984300,0.53),(568,58,6,0.40772500,14938821136.00,355963262.00,0.40705700,0.41534900,-0.60),(569,58,9,13.68000000,9533444272.00,321841245.00,13.63000000,13.95000000,-0.76),(570,58,10,81.06000000,6211993478.00,275523639.00,80.95000000,82.19000000,-1.37),(571,59,1,89439.00000000,1787195393146.00,35216682207.00,88930.00000000,90469.00000000,-1.04),(572,59,2,3099.60000000,374400492697.00,12466275656.00,3073.76000000,3127.96000000,-0.45),(573,59,4,892.50000000,123050283442.00,977163997.00,887.02000000,903.84000000,0.05),(574,59,5,2.01000000,121009679837.00,1288793032.00,2.00000000,2.04000000,-1.29),(575,59,3,131.62000000,73996965394.00,2479358780.00,131.04000000,133.57000000,-0.98),(576,59,16,0.27550900,26087445907.00,465745114.00,0.27081000,0.27565600,1.25),(577,59,7,0.13701000,23013502415.00,525241651.00,0.13656200,0.13984300,-1.69),(578,59,6,0.40391900,14810742981.00,413766604.00,0.40057800,0.41442900,-1.98),(579,59,9,13.64000000,9509820518.00,310861342.00,13.52000000,13.85000000,-0.80),(580,59,10,80.39000000,6159687461.00,299724271.00,79.92000000,81.94000000,-1.40),(581,60,1,89204.00000000,1781135723698.00,48398025081.00,88930.00000000,90469.00000000,-1.27),(582,60,2,3089.32000000,372514224395.00,12643353047.00,3073.76000000,3127.96000000,-0.92),(583,60,4,890.53000000,122653156783.00,973016166.00,887.02000000,903.84000000,-0.16),(584,60,5,2.00000000,120774769045.00,1340777412.00,2.00000000,2.04000000,-1.57),(585,60,3,131.23000000,73764530301.00,2486367585.00,131.04000000,133.57000000,-1.41),(586,60,16,0.27548900,26084958846.00,464538460.00,0.27081000,0.27565600,1.23),(587,60,7,0.13663900,22955726377.00,561982980.00,0.13656200,0.13984300,-1.90),(588,60,6,0.40256600,14761807362.00,415658337.00,0.40057800,0.41442900,-2.43),(589,60,9,13.61000000,9492324650.00,309815920.00,13.52000000,13.85000000,-0.99),(590,60,10,80.03000000,6146591616.00,299710939.00,79.92000000,81.94000000,-1.84);
/*!40000 ALTER TABLE `coin_prices` ENABLE KEYS */;
UNLOCK TABLES;

--
-- Table structure for table `coins`
--

DROP TABLE IF EXISTS `coins`;
/*!40101 SET @saved_cs_client     = @@character_set_client */;
/*!50503 SET character_set_client = utf8mb4 */;
CREATE TABLE `coins` (
  `id` int NOT NULL AUTO_INCREMENT,
  `coingecko_id` varchar(50) COLLATE utf8mb4_unicode_ci NOT NULL,
  `symbol` varchar(10) COLLATE utf8mb4_unicode_ci NOT NULL,
  `name` varchar(50) COLLATE utf8mb4_unicode_ci NOT NULL,
  PRIMARY KEY (`id`),
  UNIQUE KEY `coingecko_id` (`coingecko_id`)
) ENGINE=InnoDB AUTO_INCREMENT=47 DEFAULT CHARSET=utf8mb4 COLLATE=utf8mb4_unicode_ci;
/*!40101 SET character_set_client = @saved_cs_client */;

--
-- Dumping data for table `coins`
--

LOCK TABLES `coins` WRITE;
/*!40000 ALTER TABLE `coins` DISABLE KEYS */;
INSERT INTO `coins` VALUES (1,'bitcoin','BTC','Bitcoin'),(2,'ethereum','ETH','Ethereum'),(3,'solana','SOL','Solana'),(4,'binancecoin','BNB','Binance Coin'),(5,'ripple','XRP','XRP'),(6,'cardano','ADA','Cardano'),(7,'dogecoin','DOGE','Dogecoin'),(9,'chainlink','LINK','Chainlink'),(10,'litecoin','LTC','Litecoin'),(16,'tron','TRX','Tron');
/*!40000 ALTER TABLE `coins` ENABLE KEYS */;
UNLOCK TABLES;

--
-- Table structure for table `snapshots`
--

DROP TABLE IF EXISTS `snapshots`;
/*!40101 SET @saved_cs_client     = @@character_set_client */;
/*!50503 SET character_set_client = utf8mb4 */;
CREATE TABLE `snapshots` (
  `id` bigint NOT NULL AUTO_INCREMENT,
  `snapshot_time` datetime NOT NULL,
  `source` varchar(255) COLLATE utf8mb4_unicode_ci NOT NULL,
  PRIMARY KEY (`id`)
) ENGINE=InnoDB AUTO_INCREMENT=61 DEFAULT CHARSET=utf8mb4 COLLATE=utf8mb4_unicode_ci;
/*!40101 SET character_set_client = @saved_cs_client */;

--
-- Dumping data for table `snapshots`
--

LOCK TABLES `snapshots` WRITE;
/*!40000 ALTER TABLE `snapshots` DISABLE KEYS */;
INSERT INTO `snapshots` VALUES (34,'2025-12-11 22:54:30','https://api.coingecko.com/api/v3/coins/markets?vs_currency=usd&ids=bitcoin,ethereum,solana,binancecoin,ripple,cardano,dogecoin,tron,chainlink,litecoin&price_change_percentage=24h'),(35,'2025-12-11 22:58:31','https://api.coingecko.com/api/v3/coins/markets?vs_currency=usd&ids=bitcoin,ethereum,solana,binancecoin,ripple,cardano,dogecoin,tron,chainlink,litecoin&price_change_percentage=24h'),(36,'2025-12-11 23:08:08','https://api.coingecko.com/api/v3/coins/markets?vs_currency=usd&ids=bitcoin,ethereum,solana,binancecoin,ripple,cardano,dogecoin,tron,chainlink,litecoin&price_change_percentage=24h'),(37,'2025-12-11 23:13:53','https://api.coingecko.com/api/v3/coins/markets?vs_currency=usd&ids=bitcoin,ethereum,solana,binancecoin,ripple,cardano,dogecoin,tron,chainlink,litecoin&price_change_percentage=24h'),(38,'2025-12-12 00:13:35','https://api.coingecko.com/api/v3/coins/markets?vs_currency=usd&ids=bitcoin,ethereum,solana,binancecoin,ripple,cardano,dogecoin,tron,chainlink,litecoin&price_change_percentage=24h'),(39,'2025-12-12 00:27:35','https://api.coingecko.com/api/v3/coins/markets?vs_currency=usd&ids=bitcoin,ethereum,solana,binancecoin,ripple,cardano,dogecoin,tron,chainlink,litecoin&price_change_percentage=24h'),(40,'2025-12-12 12:00:01','https://api.coingecko.com/api/v3/coins/markets?vs_currency=usd&ids=bitcoin,ethereum,solana,binancecoin,ripple,cardano,dogecoin,tron,chainlink,litecoin&price_change_percentage=24h'),(41,'2025-12-12 12:30:01','https://api.coingecko.com/api/v3/coins/markets?vs_currency=usd&ids=bitcoin,ethereum,solana,binancecoin,ripple,cardano,dogecoin,tron,chainlink,litecoin&price_change_percentage=24h'),(42,'2025-12-12 13:00:01','https://api.coingecko.com/api/v3/coins/markets?vs_currency=usd&ids=bitcoin,ethereum,solana,binancecoin,ripple,cardano,dogecoin,tron,chainlink,litecoin&price_change_percentage=24h'),(43,'2025-12-12 13:30:01','https://api.coingecko.com/api/v3/coins/markets?vs_currency=usd&ids=bitcoin,ethereum,solana,binancecoin,ripple,cardano,dogecoin,tron,chainlink,litecoin&price_change_percentage=24h'),(44,'2025-12-12 14:00:01','https://api.coingecko.com/api/v3/coins/markets?vs_currency=usd&ids=bitcoin,ethereum,solana,binancecoin,ripple,cardano,dogecoin,tron,chainlink,litecoin&price_change_percentage=24h'),(45,'2025-12-12 21:00:02','https://api.coingecko.com/api/v3/coins/markets?vs_currency=usd&ids=bitcoin,ethereum,solana,binancecoin,ripple,cardano,dogecoin,tron,chainlink,litecoin&price_change_percentage=24h'),(46,'2025-12-13 00:00:01','https://api.coingecko.com/api/v3/coins/markets?vs_currency=usd&ids=bitcoin,ethereum,solana,binancecoin,ripple,cardano,dogecoin,tron,chainlink,litecoin&price_change_percentage=24h'),(47,'2025-12-13 12:00:01','https://api.coingecko.com/api/v3/coins/markets?vs_currency=usd&ids=bitcoin,ethereum,solana,binancecoin,ripple,cardano,dogecoin,tron,chainlink,litecoin&price_change_percentage=24h'),(48,'2025-12-13 12:30:01','https://api.coingecko.com/api/v3/coins/markets?vs_currency=usd&ids=bitcoin,ethereum,solana,binancecoin,ripple,cardano,dogecoin,tron,chainlink,litecoin&price_change_percentage=24h'),(49,'2025-12-13 13:00:01','https://api.coingecko.com/api/v3/coins/markets?vs_currency=usd&ids=bitcoin,ethereum,solana,binancecoin,ripple,cardano,dogecoin,tron,chainlink,litecoin&price_change_percentage=24h'),(50,'2025-12-13 13:30:01','https://api.coingecko.com/api/v3/coins/markets?vs_currency=usd&ids=bitcoin,ethereum,solana,binancecoin,ripple,cardano,dogecoin,tron,chainlink,litecoin&price_change_percentage=24h'),(51,'2025-12-13 14:00:01','https://api.coingecko.com/api/v3/coins/markets?vs_currency=usd&ids=bitcoin,ethereum,solana,binancecoin,ripple,cardano,dogecoin,tron,chainlink,litecoin&price_change_percentage=24h'),(52,'2025-12-13 21:00:01','https://api.coingecko.com/api/v3/coins/markets?vs_currency=usd&ids=bitcoin,ethereum,solana,binancecoin,ripple,cardano,dogecoin,tron,chainlink,litecoin&price_change_percentage=24h'),(53,'2025-12-14 00:00:02','https://api.coingecko.com/api/v3/coins/markets?vs_currency=usd&ids=bitcoin,ethereum,solana,binancecoin,ripple,cardano,dogecoin,tron,chainlink,litecoin&price_change_percentage=24h'),(54,'2025-12-14 12:00:01','https://api.coingecko.com/api/v3/coins/markets?vs_currency=usd&ids=bitcoin,ethereum,solana,binancecoin,ripple,cardano,dogecoin,tron,chainlink,litecoin&price_change_percentage=24h'),(55,'2025-12-14 12:30:00','https://api.coingecko.com/api/v3/coins/markets?vs_currency=usd&ids=bitcoin,ethereum,solana,binancecoin,ripple,cardano,dogecoin,tron,chainlink,litecoin&price_change_percentage=24h'),(56,'2025-12-14 13:00:00','https://api.coingecko.com/api/v3/coins/markets?vs_currency=usd&ids=bitcoin,ethereum,solana,binancecoin,ripple,cardano,dogecoin,tron,chainlink,litecoin&price_change_percentage=24h'),(57,'2025-12-14 13:30:01','https://api.coingecko.com/api/v3/coins/markets?vs_currency=usd&ids=bitcoin,ethereum,solana,binancecoin,ripple,cardano,dogecoin,tron,chainlink,litecoin&price_change_percentage=24h'),(58,'2025-12-14 14:00:00','https://api.coingecko.com/api/v3/coins/markets?vs_currency=usd&ids=bitcoin,ethereum,solana,binancecoin,ripple,cardano,dogecoin,tron,chainlink,litecoin&price_change_percentage=24h'),(59,'2025-12-14 21:00:01','https://api.coingecko.com/api/v3/coins/markets?vs_currency=usd&ids=bitcoin,ethereum,solana,binancecoin,ripple,cardano,dogecoin,tron,chainlink,litecoin&price_change_percentage=24h'),(60,'2025-12-14 21:08:46','https://api.coingecko.com/api/v3/coins/markets?vs_currency=usd&ids=bitcoin,ethereum,solana,binancecoin,ripple,cardano,dogecoin,tron,chainlink,litecoin&price_change_percentage=24h');
/*!40000 ALTER TABLE `snapshots` ENABLE KEYS */;
UNLOCK TABLES;
/*!40103 SET TIME_ZONE=@OLD_TIME_ZONE */;

/*!40101 SET SQL_MODE=@OLD_SQL_MODE */;
/*!40014 SET FOREIGN_KEY_CHECKS=@OLD_FOREIGN_KEY_CHECKS */;
/*!40014 SET UNIQUE_CHECKS=@OLD_UNIQUE_CHECKS */;
/*!40101 SET CHARACTER_SET_CLIENT=@OLD_CHARACTER_SET_CLIENT */;
/*!40101 SET CHARACTER_SET_RESULTS=@OLD_CHARACTER_SET_RESULTS */;
/*!40101 SET COLLATION_CONNECTION=@OLD_COLLATION_CONNECTION */;
/*!40111 SET SQL_NOTES=@OLD_SQL_NOTES */;

-- Dump completed on 2025-12-14 21:34:41
