-- MySQL dump 10.13  Distrib 8.0.44, for Linux (x86_64)
--
-- Host: localhost    Database: cryptocurrency_multicoin_tracker
-- ------------------------------------------------------
-- Server version	8.0.44-0ubuntu0.24.04.1

/*!40101 SET @OLD_CHARACTER_SET_CLIENT=@@CHARACTER_SET_CLIENT */;
/*!40101 SET @OLD_CHARACTER_SET_RESULTS=@@CHARACTER_SET_RESULTS */;
/*!40101 SET @OLD_COLLATION_CONNECTION=@@COLLATION_CONNECTION */;
/*!50503 SET NAMES utf8mb4 */;
/*!40103 SET @OLD_TIME_ZONE=@@TIME_ZONE */;
/*!40103 SET TIME_ZONE='+00:00' */;
/*!40014 SET @OLD_UNIQUE_CHECKS=@@UNIQUE_CHECKS, UNIQUE_CHECKS=0 */;
/*!40014 SET @OLD_FOREIGN_KEY_CHECKS=@@FOREIGN_KEY_CHECKS, FOREIGN_KEY_CHECKS=0 */;
/*!40101 SET @OLD_SQL_MODE=@@SQL_MODE, SQL_MODE='NO_AUTO_VALUE_ON_ZERO' */;
/*!40111 SET @OLD_SQL_NOTES=@@SQL_NOTES, SQL_NOTES=0 */;

--
-- Table structure for table `coin_prices`
--

DROP TABLE IF EXISTS `coin_prices`;
/*!40101 SET @saved_cs_client     = @@character_set_client */;
/*!50503 SET character_set_client = utf8mb4 */;
CREATE TABLE `coin_prices` (
  `id` bigint NOT NULL AUTO_INCREMENT,
  `snapshot_id` bigint NOT NULL,
  `coin_id` int NOT NULL,
  `price_usd` decimal(18,8) NOT NULL,
  `market_cap_usd` decimal(20,2) DEFAULT NULL,
  `volume_24h_usd` decimal(20,2) DEFAULT NULL,
  `low_24h_usd` decimal(18,8) DEFAULT NULL,
  `high_24h_usd` decimal(18,8) DEFAULT NULL,
  `change_24h_pct` decimal(7,2) DEFAULT NULL,
  PRIMARY KEY (`id`),
  UNIQUE KEY `idx_coin_snapshot` (`snapshot_id`,`coin_id`),
  KEY `coin_id` (`coin_id`),
  CONSTRAINT `coin_prices_ibfk_1` FOREIGN KEY (`snapshot_id`) REFERENCES `snapshots` (`id`),
  CONSTRAINT `coin_prices_ibfk_2` FOREIGN KEY (`coin_id`) REFERENCES `coins` (`id`)
) ENGINE=InnoDB AUTO_INCREMENT=211 DEFAULT CHARSET=utf8mb4 COLLATE=utf8mb4_unicode_ci;
/*!40101 SET character_set_client = @saved_cs_client */;

--
-- Dumping data for table `coin_prices`
--

LOCK TABLES `coin_prices` WRITE;
/*!40000 ALTER TABLE `coin_prices` DISABLE KEYS */;
INSERT INTO `coin_prices` VALUES (1,1,4,862.23040262,118724379422.17,1873623861.38,NULL,NULL,0.96),(2,1,1,88237.04347946,1760310537736.14,72430279555.31,NULL,NULL,1.59),(3,1,6,0.42559555,15592818686.85,912998473.35,NULL,NULL,2.47),(4,1,9,12.99245596,9055563193.61,678427866.05,NULL,NULL,3.48),(5,1,7,0.15156460,23016162254.79,1596403845.30,NULL,NULL,3.18),(6,1,2,2930.91678654,353761887875.90,29251554234.33,NULL,NULL,1.93),(7,1,10,85.07972886,6516154577.73,583999153.73,NULL,NULL,1.27),(8,1,5,2.24298773,135227821144.16,6372509091.55,NULL,NULL,7.80),(9,1,3,138.32744646,77341183299.94,5866413084.76,NULL,NULL,4.48),(10,2,4,860.11889699,118478019760.08,1787516680.32,NULL,NULL,0.86),(11,2,1,88002.88450167,1755610880104.95,72198966624.23,NULL,NULL,0.60),(12,2,6,0.42376911,15530173273.91,897076331.42,NULL,NULL,1.15),(13,2,9,12.96639312,9039121063.32,667781432.07,NULL,NULL,1.47),(14,2,7,0.15108467,22964790982.73,1567923016.68,NULL,NULL,2.15),(15,2,2,2922.90926352,352844598319.11,28858976807.11,NULL,NULL,1.61),(16,2,10,84.79957852,6496473623.62,566283087.51,NULL,NULL,0.15),(17,2,5,2.24438018,135254672183.40,6313374822.05,NULL,NULL,7.00),(18,2,3,138.15651832,77221646256.78,5812286803.95,NULL,NULL,3.42),(19,3,4,861.25305246,118579844997.14,1776705577.54,NULL,NULL,0.99),(20,3,1,88151.87901297,1757251137996.60,72303911814.09,NULL,NULL,0.77),(21,3,6,0.42386480,15516053454.07,896813872.71,NULL,NULL,1.17),(22,3,9,12.97203799,9038015434.38,667065506.29,NULL,NULL,1.51),(23,3,7,0.15116776,22946085557.37,1567240225.60,NULL,NULL,2.21),(24,3,2,2929.26996801,353244931913.38,28882944837.15,NULL,NULL,1.83),(25,3,10,84.86082909,6492595059.73,566914364.72,NULL,NULL,0.22),(26,3,5,2.24757310,135296995160.79,6322948665.38,NULL,NULL,7.15),(27,3,3,138.30690707,77329200781.75,5822218558.09,NULL,NULL,3.53),(28,4,4,861.25305246,118579844997.14,1776705577.54,NULL,NULL,0.99),(29,4,1,88151.87901297,1757251137996.60,72303911814.09,NULL,NULL,0.77),(30,4,6,0.42386480,15516053454.07,896813872.71,NULL,NULL,1.17),(31,4,9,12.97203799,9038015434.38,667065506.29,NULL,NULL,1.51),(32,4,7,0.15116776,22946085557.37,1567240225.60,NULL,NULL,2.21),(33,4,2,2929.26996801,353244931913.38,28882944837.15,NULL,NULL,1.83),(34,4,10,84.86082909,6492595059.73,566914364.72,NULL,NULL,0.22),(35,4,5,2.24757310,135296995160.79,6322948665.38,NULL,NULL,7.15),(36,4,3,138.30690707,77329200781.75,5822218558.09,NULL,NULL,3.53),(37,5,4,861.25305246,118579844997.14,1776705577.54,NULL,NULL,0.99),(38,5,1,88151.87901297,1757251137996.60,72303911814.09,NULL,NULL,0.77),(39,5,6,0.42386480,15516053454.07,896813872.71,NULL,NULL,1.17),(40,5,9,12.97203799,9038015434.38,667065506.29,NULL,NULL,1.51),(41,5,7,0.15116776,22946085557.37,1567240225.60,NULL,NULL,2.21),(42,5,2,2929.26996801,353244931913.38,28882944837.15,NULL,NULL,1.83),(43,5,10,84.86082909,6492595059.73,566914364.72,NULL,NULL,0.22),(44,5,5,2.24757310,135296995160.79,6322948665.38,NULL,NULL,7.15),(45,5,3,138.30690707,77329200781.75,5822218558.09,NULL,NULL,3.53),(46,6,4,860.83648348,118931233179.35,1841765855.05,NULL,NULL,1.21),(47,6,1,87976.23649189,1757122255901.11,71692006848.76,NULL,NULL,1.01),(48,6,6,0.42252973,15487607964.44,884640653.78,NULL,NULL,2.18),(49,6,9,12.96391370,9039623006.54,658656530.00,NULL,NULL,2.57),(50,6,7,0.15100567,22964059340.50,1534670409.32,NULL,NULL,2.97),(51,6,2,2917.23797875,352791484879.05,28393209189.45,NULL,NULL,2.70),(52,6,10,84.60461203,6486537326.86,585103304.06,NULL,NULL,0.84),(53,6,5,2.24433429,135408274162.90,6173713938.92,NULL,NULL,8.40),(54,6,3,138.11888892,77381315567.86,5690361690.71,NULL,NULL,4.93),(55,7,4,859.52433684,118931233179.35,1836244808.55,NULL,NULL,1.19),(56,7,1,87933.44746860,1757122255901.11,71425794565.84,NULL,NULL,0.96),(57,7,6,0.42206243,15487607964.44,884587563.39,NULL,NULL,2.06),(58,7,9,12.94773725,9039623006.54,657472974.45,NULL,NULL,2.44),(59,7,7,0.15086387,22964059340.50,1533781637.29,NULL,NULL,3.01),(60,7,2,2914.69349243,352791484879.05,28308097372.54,NULL,NULL,2.61),(61,7,10,84.52614801,6486537326.86,583510301.97,NULL,NULL,0.75),(62,7,5,2.24156052,135408274162.90,6273513823.37,NULL,NULL,8.33),(63,7,3,137.93536283,77381315567.86,5675410305.92,NULL,NULL,4.79),(64,8,4,860.32152546,118340607207.12,1753258243.80,NULL,NULL,1.11),(65,8,1,87925.30320089,1754588590463.45,71076019063.23,NULL,NULL,1.14),(66,8,6,0.42061416,15438310736.99,882796634.81,NULL,NULL,1.90),(67,8,9,12.94182925,9017839904.98,656391427.86,NULL,NULL,2.51),(68,8,7,0.15082730,22905799011.85,1532239571.29,NULL,NULL,3.05),(69,8,2,2920.48410332,352308252055.76,27503905291.15,NULL,NULL,3.03),(70,8,10,84.49781825,6467933515.12,583679233.71,NULL,NULL,0.84),(71,8,5,2.23958357,134892230293.83,6284144746.82,NULL,NULL,8.20),(72,8,3,137.68586120,77086470667.74,5671972005.44,NULL,NULL,4.93),(73,9,4,859.78173643,118493029725.11,1840116460.94,NULL,NULL,1.00),(74,9,1,87910.12706833,1754588590463.45,71264785257.12,NULL,NULL,1.13),(75,9,6,0.42046057,15398254915.30,880131287.91,NULL,NULL,1.89),(76,9,9,12.93882858,9019630563.04,655310437.18,NULL,NULL,2.48),(77,9,7,0.15078533,22905799011.85,1531084229.08,NULL,NULL,3.03),(78,9,2,2917.84403988,352308252055.76,28392571882.04,NULL,NULL,2.74),(79,9,10,84.48351922,6467933515.12,583349665.31,NULL,NULL,0.90),(80,9,5,2.23969217,134892230293.83,6278333653.48,NULL,NULL,8.22),(81,9,3,137.58036675,76984719119.05,5660477675.02,NULL,NULL,4.99),(82,10,4,859.86187167,118493029725.11,1808281655.02,NULL,NULL,1.01),(83,10,1,87877.18677127,1754292497454.15,71430241943.41,NULL,NULL,1.09),(84,10,6,0.42125178,15398254915.30,880450988.54,NULL,NULL,2.08),(85,10,9,12.94023340,9019630563.04,654782655.10,NULL,NULL,2.47),(86,10,7,0.15078201,22903065041.30,1529104167.57,NULL,NULL,3.06),(87,10,2,2915.84909773,352169969929.04,28414073141.55,NULL,NULL,2.67),(88,10,10,84.49472827,6467733986.41,583857015.83,NULL,NULL,0.91),(89,10,5,2.23973462,134960887558.67,6268103756.57,NULL,NULL,8.23),(90,10,3,137.56559368,76984719119.05,5656280260.27,NULL,NULL,4.97),(91,11,4,860.58638824,118399702007.61,1814648380.24,NULL,NULL,0.82),(92,11,1,87892.85929483,1753397396123.95,70754535474.12,NULL,NULL,1.23),(93,11,6,0.42055741,15412167111.48,875844081.99,NULL,NULL,1.94),(94,11,9,12.92592816,9015561610.14,650075905.55,NULL,NULL,2.68),(95,11,7,0.15061507,22875678662.01,1514580500.01,NULL,NULL,2.85),(96,11,2,2919.65757303,352098373325.54,28046850569.08,NULL,NULL,3.12),(97,11,10,84.41121436,6462161267.48,583772321.16,NULL,NULL,0.87),(98,11,5,2.23581234,134621197542.47,6263251614.02,NULL,NULL,8.35),(99,11,3,137.82800310,77138610192.05,5600108461.88,NULL,NULL,5.39),(100,11,16,0.27270479,25818889084.88,720171315.36,NULL,NULL,-1.58),(101,12,4,860.58638824,118399702007.61,1814648380.24,NULL,NULL,0.82),(102,12,1,87892.85929483,1753397396123.95,70754535474.12,NULL,NULL,1.23),(103,12,6,0.42055741,15412167111.48,875844081.99,NULL,NULL,1.94),(104,12,9,12.92592816,9015561610.14,650075905.55,NULL,NULL,2.68),(105,12,7,0.15061507,22875678662.01,1514580500.01,NULL,NULL,2.85),(106,12,2,2919.65757303,352098373325.54,28046850569.08,NULL,NULL,3.12),(107,12,10,84.41121436,6462161267.48,583772321.16,NULL,NULL,0.87),(108,12,5,2.23581234,134621197542.47,6263251614.02,NULL,NULL,8.35),(109,12,3,137.82800310,77138610192.05,5600108461.88,NULL,NULL,5.39),(110,12,16,0.27270479,25818889084.88,720171315.36,NULL,NULL,-1.58),(111,13,1,87673.00000000,1751147117545.00,70930270512.00,85546.00000000,89112.00000000,0.51),(112,13,2,2915.75000000,352171513450.00,28115080340.00,2792.21000000,2979.19000000,2.69),(113,13,5,2.23000000,134617476496.00,6228342365.00,2.04000000,2.28000000,7.93),(114,13,4,859.20000000,118452724315.00,1805604755.00,833.32000000,875.50000000,0.38),(115,13,3,136.81000000,76522475922.00,5546400073.00,128.65000000,139.38000000,4.51),(116,13,16,0.27298100,25845074001.00,727818601.00,0.27218500,0.27719800,-1.51),(117,13,7,0.15010100,22796795488.00,1482143480.00,0.14397500,0.15350800,2.39),(118,13,6,0.42022500,15378959196.00,873860900.00,0.40447600,0.43311400,1.59),(119,13,9,12.89000000,8981393208.00,651203042.00,12.38000000,13.17000000,2.16),(120,13,10,84.38000000,6459743152.00,587880172.00,82.59000000,87.15000000,0.27),(121,14,1,87574.00000000,1749889205650.00,71429663938.00,85546.00000000,89112.00000000,0.57),(122,14,2,2906.85000000,351104002331.00,28147705771.00,2792.21000000,2979.19000000,2.61),(123,14,5,2.23000000,134317030518.00,6257524175.00,2.04000000,2.28000000,7.70),(124,14,4,856.81000000,118249737943.00,1738642801.00,833.32000000,875.50000000,0.20),(125,14,3,136.65000000,76447854693.00,5554190367.00,128.65000000,139.38000000,4.58),(126,14,16,0.27285400,25844292368.00,730319691.00,0.27218500,0.27719800,-1.57),(127,14,7,0.14990400,22770792532.00,1521981675.00,0.14397500,0.15350800,2.29),(128,14,6,0.41972000,15397731312.00,873792502.00,0.40447600,0.43311400,1.36),(129,14,9,12.87000000,8980290581.00,653910770.00,12.38000000,13.17000000,2.05),(130,14,10,84.25000000,6451612792.00,590062843.00,82.59000000,87.15000000,0.24),(131,15,1,87360.00000000,1743511278955.00,70300617868.00,85546.00000000,89112.00000000,0.33),(132,15,2,2905.20000000,350702945400.00,27745724252.00,2792.21000000,2979.19000000,2.55),(133,15,5,2.22000000,134000031882.00,6249720472.00,2.04000000,2.28000000,7.77),(134,15,4,856.22000000,117933129824.00,1811549190.00,833.32000000,875.50000000,0.32),(135,15,3,136.48000000,76357054881.00,5555136201.00,128.65000000,139.38000000,4.76),(136,15,16,0.27278200,25826133295.00,723984489.00,0.27218500,0.27713900,-1.57),(137,15,7,0.14953100,22717014702.00,1532551694.00,0.14397500,0.15350800,2.29),(138,15,6,0.41934800,15352129575.00,704474531.00,0.40447600,0.43311400,1.50),(139,15,9,12.84000000,8948069284.00,655243085.00,12.38000000,13.17000000,1.99),(140,15,10,84.13000000,6441774706.00,589582262.00,82.59000000,87.15000000,0.29),(141,16,1,87344.00000000,1744096325472.00,71578295606.00,85546.00000000,89112.00000000,0.60),(142,16,2,2896.98000000,349896110496.00,27891619288.00,2792.21000000,2979.19000000,2.51),(143,16,5,2.20000000,132996189165.00,6310747529.00,2.04000000,2.28000000,6.76),(144,16,4,857.54000000,118143638408.00,1600558615.00,833.32000000,875.50000000,0.47),(145,16,3,136.09000000,76102612102.00,5476801470.00,128.65000000,139.38000000,4.65),(146,16,16,0.27261000,25812801434.00,718517947.00,0.27218500,0.27707600,-1.37),(147,16,7,0.14911500,22666874712.00,1529146041.00,0.14397500,0.15350800,2.00),(148,16,6,0.41722700,15299259250.00,705444230.00,0.40447600,0.43311400,1.33),(149,16,9,12.82000000,8937324760.00,657081436.00,12.38000000,13.17000000,1.99),(150,16,10,84.17000000,6448114079.00,595158058.00,82.59000000,87.15000000,0.19),(151,17,1,86941.00000000,1735565460830.00,72242106253.00,85546.00000000,89112.00000000,0.20),(152,17,2,2873.15000000,346645358615.00,27575808667.00,2792.21000000,2979.19000000,1.49),(153,17,5,2.19000000,132026728784.00,6366132667.00,2.04000000,2.28000000,5.64),(154,17,4,852.45000000,117411758471.00,1757642654.00,833.32000000,875.50000000,-0.17),(155,17,3,135.58000000,75824867981.00,5511499198.00,128.65000000,139.38000000,3.93),(156,17,16,0.27238000,25789069338.00,727989304.00,0.27218500,0.27707600,-1.63),(157,17,7,0.14846800,22545834059.00,1533937766.00,0.14397500,0.15350800,1.30),(158,17,6,0.41495400,15193067770.00,875408806.00,0.40447600,0.43311400,0.60),(159,17,9,12.74000000,8879690568.00,662515394.00,12.38000000,13.17000000,1.10),(160,17,10,83.78000000,6413829518.00,597871175.00,82.59000000,87.15000000,-0.56),(161,18,1,87690.00000000,1749274015694.00,66345364453.00,86216.00000000,88416.00000000,-0.12),(162,18,2,2955.11000000,356700955730.00,22050688584.00,2862.84000000,2973.89000000,1.07),(163,18,5,2.19000000,131990028897.00,4480775449.00,2.15000000,2.25000000,-2.79),(164,18,4,865.12000000,119136132440.00,1451014729.00,837.84000000,868.75000000,0.42),(165,18,3,139.08000000,77825467789.00,4681415639.00,133.76000000,140.11000000,0.62),(166,18,16,0.27461300,25995636909.00,600539648.00,0.27106600,0.27529900,0.72),(167,18,7,0.15175000,23056158502.00,1461295377.00,0.14651300,0.15450000,0.27),(168,18,6,0.42428500,15532376756.00,617152214.00,0.40651500,0.42735300,-0.40),(169,18,9,13.07000000,9100944631.00,671581098.00,12.63000000,13.18000000,0.74),(170,18,10,85.00000000,6515180522.00,624905695.00,83.45000000,86.56000000,-0.95),(171,19,1,87805.00000000,1752077981855.00,66463407674.00,86216.00000000,88416.00000000,-0.11),(172,19,2,2959.58000000,357248692859.00,22363026531.00,2862.84000000,2973.89000000,1.16),(173,19,5,2.19000000,132117727043.00,4472291227.00,2.15000000,2.25000000,-2.64),(174,19,4,865.84000000,119258074323.00,1450893386.00,837.84000000,868.75000000,0.23),(175,19,3,139.57000000,77965779352.00,4790571310.00,133.76000000,140.11000000,0.86),(176,19,16,0.27478300,26015690421.00,637328898.00,0.27106600,0.27529900,0.78),(177,19,7,0.15186700,23069123652.00,1548521288.00,0.14651300,0.15450000,0.23),(178,19,6,0.42498300,15561469869.00,616021353.00,0.40651500,0.42735300,-0.18),(179,19,9,13.09000000,9121148974.00,671827654.00,12.63000000,13.18000000,1.07),(180,19,10,85.13000000,6516286949.00,627143398.00,83.45000000,86.56000000,-0.92),(181,20,1,90016.00000000,1796973923734.00,43664059022.00,89736.00000000,92203.00000000,-1.21),(182,20,2,3105.75000000,375033592164.00,24789842070.00,3093.48000000,3171.62000000,-0.17),(183,20,5,2.06000000,124371761271.00,2802940147.00,2.06000000,2.11000000,-0.70),(184,20,4,891.61000000,122829041949.00,1419212915.00,890.72000000,911.32000000,-1.54),(185,20,3,132.77000000,74609124688.00,5143178536.00,132.74000000,138.98000000,-0.62),(186,20,16,0.28073000,26589858070.00,580822399.00,0.28028600,0.28780600,-2.42),(187,20,7,0.14067700,22740995780.00,1131638423.00,0.13981500,0.14426800,0.18),(188,20,6,0.42824400,15690549781.00,615906255.00,0.42093700,0.44007000,1.18),(189,20,9,13.63000000,9499629246.00,564531206.00,13.63000000,14.22000000,-2.07),(190,20,10,83.46000000,6396879633.00,485460197.00,81.97000000,84.33000000,1.26),(191,21,1,90008.00000000,1796973923734.00,43671119081.00,89736.00000000,92203.00000000,-1.22),(192,21,2,3103.03000000,374505249926.00,24790505660.00,3093.48000000,3171.62000000,-0.25),(193,21,5,2.06000000,124308946565.00,2801812123.00,2.06000000,2.11000000,-0.71),(194,21,4,891.55000000,122829041949.00,1421651705.00,890.72000000,911.32000000,-1.55),(195,21,3,132.75000000,74536601015.00,5140622446.00,132.74000000,138.98000000,-0.64),(196,21,16,0.28074500,26589858070.00,581168484.00,0.28028600,0.28780600,-2.42),(197,21,7,0.14061200,22740995780.00,1133946158.00,0.13981500,0.14426800,0.14),(198,21,6,0.42821900,15690549781.00,614977454.00,0.42093700,0.44007000,1.18),(199,21,9,13.62000000,9499629246.00,564936027.00,13.63000000,14.22000000,-2.09),(200,21,10,83.44000000,6396879633.00,485268663.00,81.97000000,84.33000000,1.23),(201,22,1,90395.00000000,1804189111848.00,43654467077.00,89736.00000000,92203.00000000,-0.71),(202,22,2,3119.45000000,376493760465.00,24492768076.00,3093.48000000,3171.62000000,0.40),(203,22,5,2.07000000,124802661224.00,2785039574.00,2.06000000,2.11000000,-0.08),(204,22,4,892.94000000,122992264227.00,1432540191.00,890.37000000,911.32000000,-0.94),(205,22,3,133.35000000,74871553154.00,5142630389.00,132.74000000,138.98000000,-0.74),(206,22,16,0.28055000,26562792993.00,561411764.00,0.28028600,0.28739500,-2.31),(207,22,7,0.14139400,22847947558.00,1163581218.00,0.14023300,0.14426800,0.80),(208,22,6,0.43086600,15784083270.00,623254361.00,0.42285100,0.44007000,1.58),(209,22,9,13.67000000,9524368100.00,571141721.00,13.60000000,14.22000000,-1.91),(210,22,10,83.24000000,6376541172.00,489481181.00,82.50000000,84.33000000,0.86);
/*!40000 ALTER TABLE `coin_prices` ENABLE KEYS */;
UNLOCK TABLES;

--
-- Table structure for table `coins`
--

DROP TABLE IF EXISTS `coins`;
/*!40101 SET @saved_cs_client     = @@character_set_client */;
/*!50503 SET character_set_client = utf8mb4 */;
CREATE TABLE `coins` (
  `id` int NOT NULL AUTO_INCREMENT,
  `coingecko_id` varchar(50) COLLATE utf8mb4_unicode_ci NOT NULL,
  `symbol` varchar(10) COLLATE utf8mb4_unicode_ci NOT NULL,
  `name` varchar(50) COLLATE utf8mb4_unicode_ci NOT NULL,
  PRIMARY KEY (`id`),
  UNIQUE KEY `coingecko_id` (`coingecko_id`)
) ENGINE=InnoDB AUTO_INCREMENT=17 DEFAULT CHARSET=utf8mb4 COLLATE=utf8mb4_unicode_ci;
/*!40101 SET character_set_client = @saved_cs_client */;

--
-- Dumping data for table `coins`
--

LOCK TABLES `coins` WRITE;
/*!40000 ALTER TABLE `coins` DISABLE KEYS */;
INSERT INTO `coins` VALUES (1,'bitcoin','BTC','Bitcoin'),(2,'ethereum','ETH','Ethereum'),(3,'solana','SOL','Solana'),(4,'binancecoin','BNB','Binance Coin'),(5,'ripple','XRP','XRP'),(6,'cardano','ADA','Cardano'),(7,'dogecoin','DOGE','Dogecoin'),(9,'chainlink','LINK','Chainlink'),(10,'litecoin','LTC','Litecoin'),(16,'tron','TRX','Tron');
/*!40000 ALTER TABLE `coins` ENABLE KEYS */;
UNLOCK TABLES;

--
-- Table structure for table `snapshots`
--

DROP TABLE IF EXISTS `snapshots`;
/*!40101 SET @saved_cs_client     = @@character_set_client */;
/*!50503 SET character_set_client = utf8mb4 */;
CREATE TABLE `snapshots` (
  `id` bigint NOT NULL AUTO_INCREMENT,
  `snapshot_time` datetime NOT NULL,
  `source` varchar(255) COLLATE utf8mb4_unicode_ci NOT NULL,
  PRIMARY KEY (`id`)
) ENGINE=InnoDB AUTO_INCREMENT=23 DEFAULT CHARSET=utf8mb4 COLLATE=utf8mb4_unicode_ci;
/*!40101 SET character_set_client = @saved_cs_client */;

--
-- Dumping data for table `snapshots`
--

LOCK TABLES `snapshots` WRITE;
/*!40000 ALTER TABLE `snapshots` DISABLE KEYS */;
INSERT INTO `snapshots` VALUES (1,'2025-11-25 05:10:05','https://api.coingecko.com/api/v3/simple/price?ids=bitcoin,ethereum,solana,binancecoin,ripple,cardano,dogecoin,toncoin,chainlink,litecoin&vs_currencies=usd&include_market_cap=true&include_24hr_vol=true&include_24hr_change=true&precision=full'),(2,'2025-11-25 05:32:42','https://api.coingecko.com/api/v3/simple/price?ids=bitcoin,ethereum,solana,binancecoin,ripple,cardano,dogecoin,toncoin,chainlink,litecoin&vs_currencies=usd&include_market_cap=true&include_24hr_vol=true&include_24hr_change=true&precision=full'),(3,'2025-11-25 05:35:29','https://api.coingecko.com/api/v3/simple/price?ids=bitcoin,ethereum,solana,binancecoin,ripple,cardano,dogecoin,toncoin,chainlink,litecoin&vs_currencies=usd&include_market_cap=true&include_24hr_vol=true&include_24hr_change=true&precision=full'),(4,'2025-11-25 05:35:31','https://api.coingecko.com/api/v3/simple/price?ids=bitcoin,ethereum,solana,binancecoin,ripple,cardano,dogecoin,toncoin,chainlink,litecoin&vs_currencies=usd&include_market_cap=true&include_24hr_vol=true&include_24hr_change=true&precision=full'),(5,'2025-11-25 05:35:34','https://api.coingecko.com/api/v3/simple/price?ids=bitcoin,ethereum,solana,binancecoin,ripple,cardano,dogecoin,toncoin,chainlink,litecoin&vs_currencies=usd&include_market_cap=true&include_24hr_vol=true&include_24hr_change=true&precision=full'),(6,'2025-11-25 06:27:05','https://api.coingecko.com/api/v3/simple/price?ids=bitcoin,ethereum,solana,binancecoin,ripple,cardano,dogecoin,toncoin,chainlink,litecoin&vs_currencies=usd&include_market_cap=true&include_24hr_vol=true&include_24hr_change=true&precision=full'),(7,'2025-11-25 06:31:30','https://api.coingecko.com/api/v3/simple/price?ids=bitcoin,ethereum,solana,binancecoin,ripple,cardano,dogecoin,toncoin,chainlink,litecoin&vs_currencies=usd&include_market_cap=true&include_24hr_vol=true&include_24hr_change=true&precision=full'),(8,'2025-11-25 06:37:48','https://api.coingecko.com/api/v3/simple/price?ids=bitcoin,ethereum,solana,binancecoin,ripple,cardano,dogecoin,toncoin,chainlink,litecoin&vs_currencies=usd&include_market_cap=true&include_24hr_vol=true&include_24hr_change=true&precision=full'),(9,'2025-11-25 06:41:37','https://api.coingecko.com/api/v3/simple/price?ids=bitcoin,ethereum,solana,binancecoin,ripple,cardano,dogecoin,toncoin,chainlink,litecoin&vs_currencies=usd&include_market_cap=true&include_24hr_vol=true&include_24hr_change=true&precision=full'),(10,'2025-11-25 06:43:45','https://api.coingecko.com/api/v3/simple/price?ids=bitcoin,ethereum,solana,binancecoin,ripple,cardano,dogecoin,toncoin,chainlink,litecoin&vs_currencies=usd&include_market_cap=true&include_24hr_vol=true&include_24hr_change=true&precision=full'),(11,'2025-11-25 07:09:24','https://api.coingecko.com/api/v3/simple/price?ids=bitcoin,ethereum,solana,binancecoin,ripple,cardano,dogecoin,tron,chainlink,litecoin&vs_currencies=usd&include_market_cap=true&include_24hr_vol=true&include_24hr_change=true&precision=full'),(12,'2025-11-25 07:09:33','https://api.coingecko.com/api/v3/simple/price?ids=bitcoin,ethereum,solana,binancecoin,ripple,cardano,dogecoin,tron,chainlink,litecoin&vs_currencies=usd&include_market_cap=true&include_24hr_vol=true&include_24hr_change=true&precision=full'),(13,'2025-11-25 07:47:15','https://api.coingecko.com/api/v3/coins/markets?vs_currency=usd&ids=bitcoin,ethereum,solana,binancecoin,ripple,cardano,dogecoin,tron,chainlink,litecoin&price_change_percentage=24h'),(14,'2025-11-25 07:53:10','https://api.coingecko.com/api/v3/coins/markets?vs_currency=usd&ids=bitcoin,ethereum,solana,binancecoin,ripple,cardano,dogecoin,tron,chainlink,litecoin&price_change_percentage=24h'),(15,'2025-11-25 07:58:23','https://api.coingecko.com/api/v3/coins/markets?vs_currency=usd&ids=bitcoin,ethereum,solana,binancecoin,ripple,cardano,dogecoin,tron,chainlink,litecoin&price_change_percentage=24h'),(16,'2025-11-25 08:41:41','https://api.coingecko.com/api/v3/coins/markets?vs_currency=usd&ids=bitcoin,ethereum,solana,binancecoin,ripple,cardano,dogecoin,tron,chainlink,litecoin&price_change_percentage=24h'),(17,'2025-11-25 09:03:16','https://api.coingecko.com/api/v3/coins/markets?vs_currency=usd&ids=bitcoin,ethereum,solana,binancecoin,ripple,cardano,dogecoin,tron,chainlink,litecoin&price_change_percentage=24h'),(18,'2025-11-26 03:15:56','https://api.coingecko.com/api/v3/coins/markets?vs_currency=usd&ids=bitcoin,ethereum,solana,binancecoin,ripple,cardano,dogecoin,tron,chainlink,litecoin&price_change_percentage=24h'),(19,'2025-11-26 11:29:33','https://api.coingecko.com/api/v3/coins/markets?vs_currency=usd&ids=bitcoin,ethereum,solana,binancecoin,ripple,cardano,dogecoin,tron,chainlink,litecoin&price_change_percentage=24h'),(20,'2025-12-09 09:52:55','https://api.coingecko.com/api/v3/coins/markets?vs_currency=usd&ids=bitcoin,ethereum,solana,binancecoin,ripple,cardano,dogecoin,tron,chainlink,litecoin&price_change_percentage=24h'),(21,'2025-12-09 09:54:10','https://api.coingecko.com/api/v3/coins/markets?vs_currency=usd&ids=bitcoin,ethereum,solana,binancecoin,ripple,cardano,dogecoin,tron,chainlink,litecoin&price_change_percentage=24h'),(22,'2025-12-09 11:42:13','https://api.coingecko.com/api/v3/coins/markets?vs_currency=usd&ids=bitcoin,ethereum,solana,binancecoin,ripple,cardano,dogecoin,tron,chainlink,litecoin&price_change_percentage=24h');
/*!40000 ALTER TABLE `snapshots` ENABLE KEYS */;
UNLOCK TABLES;
/*!40103 SET TIME_ZONE=@OLD_TIME_ZONE */;

/*!40101 SET SQL_MODE=@OLD_SQL_MODE */;
/*!40014 SET FOREIGN_KEY_CHECKS=@OLD_FOREIGN_KEY_CHECKS */;
/*!40014 SET UNIQUE_CHECKS=@OLD_UNIQUE_CHECKS */;
/*!40101 SET CHARACTER_SET_CLIENT=@OLD_CHARACTER_SET_CLIENT */;
/*!40101 SET CHARACTER_SET_RESULTS=@OLD_CHARACTER_SET_RESULTS */;
/*!40101 SET COLLATION_CONNECTION=@OLD_COLLATION_CONNECTION */;
/*!40111 SET SQL_NOTES=@OLD_SQL_NOTES */;

-- Dump completed on 2025-12-09 11:46:39
